id,link
19812,/entity_scope/?AccNo=19812&q1=hu6&str=&&BEName=%20&AccNo=19812
14243,/entity_scope/?AccNo=14243&q1=azg&str=&&BEName=%20
14355,/entity_scope/?AccNo=14355&q1=b2k&str=&&BEName=%20
13259,/entity_scope/?AccNo=13259&q1=a84&str=&&BEName=%20
20744,/entity_scope/?AccNo=20744&q1=j7l&str=&&BEName=%20
17418,/entity_scope/?AccNo=17418&q1=et5&str=&&BEName=%20
20192,/entity_scope/?AccNo=20192&q1=ihh&str=&&BEName=%20
15805,/entity_scope/?AccNo=15805&q1=d58&str=&&BEName=%20
15805,/entity_scope/?AccNo=15805&q1=itf&str=&&BEName=%20
20214,/entity_scope/?AccNo=20214&q1=bz3&str=&&BEName=%20
20341,/entity_scope/?AccNo=20341&q1=iri&str=&&BEName=%20
20341,/entity_scope/?AccNo=20341&q1=irh&str=&&BEName=%20
20459,/entity_scope/?AccNo=20459&q1=iwq&str=&&BEName=%20
20899,/entity_scope/?AccNo=20899&q1=jdf&str=&&BEName=%20
19604,/entity_scope/?AccNo=19604&q1=hhv&str=&&BEName=%20
20703,/entity_scope/?AccNo=20703&q1=j62&str=&&BEName=%20
14896,/entity_scope/?AccNo=14896&q1=bly&str=&&BEName=%20
1844,/entity_scope/?AccNo=1844&q1=1f1&str=&&BEName=%20
19908,/entity_scope/?AccNo=19908&q1=hzd&str=&&BEName=%20
19545,/entity_scope/?AccNo=19545&q1=he5&str=&&BEName=%20
18666,/entity_scope/?AccNo=18666&q1=fya&str=&&BEName=%20
20888,/entity_scope/?AccNo=20888&q1=jd0&str=&&BEName=%20
2531,/entity_scope/?AccNo=2531&q1=cs9&str=&&BEName=%20
2220,/entity_scope/?AccNo=2220&q1=g7k&str=&&BEName=%20
2204,/entity_scope/?AccNo=2204&q1=bee&str=&&BEName=%20
20125,/entity_scope/?AccNo=20125&q1=gyx&str=&&BEName=%20
19594,/entity_scope/?AccNo=19594&q1=hhd&str=&&BEName=%20
15676,/entity_scope/?AccNo=15676&q1=ef2&str=&&BEName=%20
14689,/entity_scope/?AccNo=14689&q1=beb&str=&&BEName=%20
16864,/entity_scope/?AccNo=16864&q1=e3m&str=&&BEName=%20
18641,/entity_scope/?AccNo=18641&q1=fx6&str=&&BEName=%20
17051,/entity_scope/?AccNo=17051&q1=ecx&str=&&BEName=%20
19349,/entity_scope/?AccNo=19349&q1=h1y&str=&&BEName=%20
20788,/entity_scope/?AccNo=20788&q1=j8x&str=&&BEName=%20
502,/entity_scope/?AccNo=502&q1=3f6&str=&&BEName=%20
502,/entity_scope/?AccNo=502&q1=k0&str=&&BEName=%20
502,/entity_scope/?AccNo=502&q1=dr&str=&&BEName=%20
15636,/entity_scope/?AccNo=15636&q1=cvc&str=&&BEName=%20
15636,/entity_scope/?AccNo=15636&q1=cvh&str=&&BEName=%20
15784,/entity_scope/?AccNo=15784&q1=nt&str=&&BEName=%20
15784,/entity_scope/?AccNo=15784&q1=j0h&str=&&BEName=%20
15784,/entity_scope/?AccNo=15784&q1=1gf&str=&&BEName=%20
15784,/entity_scope/?AccNo=15784&q1=j0g&str=&&BEName=%20
15784,/entity_scope/?AccNo=15784&q1=fh1&str=&&BEName=%20
15784,/entity_scope/?AccNo=15784&q1=em5&str=&&BEName=%20
15784,/entity_scope/?AccNo=15784&q1=8to&str=&&BEName=%20
723,/entity_scope/?AccNo=723&q1=jw&str=&&BEName=%20
14172,/entity_scope/?AccNo=14172&q1=axh&str=&&BEName=%20
1,/entity_scope/?AccNo=1&q1=b7r&str=&&BEName=%20
14383,/entity_scope/?AccNo=14383&q1=b3c&str=&&BEName=%20
16973,/entity_scope/?AccNo=16973&q1=e9n&str=&&BEName=%20
1287,/entity_scope/?AccNo=1287&q1=bbf&str=&&BEName=%20
1287,/entity_scope/?AccNo=1287&q1=zk&str=&&BEName=%20
1287,/entity_scope/?AccNo=1287&q1=aml&str=&&BEName=%20
15784,/entity_scope/?AccNo=15784&q1=a4p&str=&&BEName=%20
15784,/entity_scope/?AccNo=15784&q1=b5i&str=&&BEName=%20
15784,/entity_scope/?AccNo=15784&q1=13i&str=&&BEName=%20
14716,/entity_scope/?AccNo=14716&q1=bfe&str=&&BEName=%20
19996,/entity_scope/?AccNo=19996&q1=i3w&str=&&BEName=%20
17093,/entity_scope/?AccNo=17093&q1=eeo&str=&&BEName=%20
9262,/entity_scope/?AccNo=9262&q1=753&str=&&BEName=%20
2203,/entity_scope/?AccNo=2203&q1=1py&str=&&BEName=%20
3427,/entity_scope/?AccNo=3427&q1=izi&str=&&BEName=%20
19420,/entity_scope/?AccNo=19420&q1=h5w&str=&&BEName=%20
11629,/entity_scope/?AccNo=11629&q1=8yx&str=&&BEName=%20
1267,/entity_scope/?AccNo=1267&q1=z0&str=&&BEName=%20
1267,/entity_scope/?AccNo=1267&q1=k3&str=&&BEName=%20
252,/entity_scope/?AccNo=252&q1=6t&str=&&BEName=%20
252,/entity_scope/?AccNo=252&q1=1u&str=&&BEName=%20
16948,/entity_scope/?AccNo=16948&q1=e8d&str=&&BEName=%20
20752,/entity_scope/?AccNo=20752&q1=j7y&str=&&BEName=%20
17397,/entity_scope/?AccNo=17397&q1=esk&str=&&BEName=%20
20394,/entity_scope/?AccNo=20394&q1=hx3&str=&&BEName=%20
13770,/entity_scope/?AccNo=13770&q1=cop&str=&&BEName=%20
369,/entity_scope/?AccNo=369&q1=cae&str=&&BEName=%20
1986,/entity_scope/?AccNo=1986&q1=8w&str=&&BEName=%20
332,/entity_scope/?AccNo=332&q1=91&str=&&BEName=%20
431,/entity_scope/?AccNo=431&q1=vz&str=&&BEName=%20
10166,/entity_scope/?AccNo=10166&q1=asa&str=&&BEName=%20
1961,/entity_scope/?AccNo=1961&q1=1ia&str=&&BEName=%20
5450,/entity_scope/?AccNo=5450&q1=ecz&str=&&BEName=%20
1960,/entity_scope/?AccNo=1960&q1=j5b&str=&&BEName=%20
1115,/entity_scope/?AccNo=1115&q1=us&str=&&BEName=%20
1115,/entity_scope/?AccNo=1115&q1=12f&str=&&BEName=%20
11727,/entity_scope/?AccNo=11727&q1=91k&str=&&BEName=%20
13770,/entity_scope/?AccNo=13770&q1=d63&str=&&BEName=%20
19157,/entity_scope/?AccNo=19157&q1=gpg&str=&&BEName=%20
13770,/entity_scope/?AccNo=13770&q1=amb&str=&&BEName=%20
18881,/entity_scope/?AccNo=18881&q1=g9l&str=&&BEName=%20
14964,/entity_scope/?AccNo=14964&q1=her&str=&&BEName=%20
14964,/entity_scope/?AccNo=14964&q1=bpt&str=&&BEName=%20
13658,/entity_scope/?AccNo=13658&q1=aj7&str=&&BEName=%20
14382,/entity_scope/?AccNo=14382&q1=h7m&str=&&BEName=%20
20833,/entity_scope/?AccNo=20833&q1=jak&str=&&BEName=%20
17345,/entity_scope/?AccNo=17345&q1=eqe&str=&&BEName=%20
20502,/entity_scope/?AccNo=20502&q1=iy8&str=&&BEName=%20
17215,/entity_scope/?AccNo=17215&q1=ejv&str=&&BEName=%20
20117,/entity_scope/?AccNo=20117&q1=iar&str=&&BEName=%20
20299,/entity_scope/?AccNo=20299&q1=iob&str=&&BEName=%20
18439,/entity_scope/?AccNo=18439&q1=fnc&str=&&BEName=%20
20229,/entity_scope/?AccNo=20229&q1=ijp&str=&&BEName=%20
20414,/entity_scope/?AccNo=20414&q1=iuy&str=&&BEName=%20
16491,/entity_scope/?AccNo=16491&q1=dqn&str=&&BEName=%20
19703,/entity_scope/?AccNo=19703&q1=hoi&str=&&BEName=%20
20806,/entity_scope/?AccNo=20806&q1=j9f&str=&&BEName=%20
19238,/entity_scope/?AccNo=19238&q1=guq&str=&&BEName=%20
1146,/entity_scope/?AccNo=1146&q1=ady&str=&&BEName=%20
14436,/entity_scope/?AccNo=14436&q1=b4r&str=&&BEName=%20
15401,/entity_scope/?AccNo=15401&q1=cgc&str=&&BEName=%20
2227,/entity_scope/?AccNo=2227&q1=1po&str=&&BEName=%20
20038,/entity_scope/?AccNo=20038&q1=i6j&str=&&BEName=%20
14332,/entity_scope/?AccNo=14332&q1=hqe&str=&&BEName=%20
14332,/entity_scope/?AccNo=14332&q1=b5u&str=&&BEName=%20
14332,/entity_scope/?AccNo=14332&q1=j5x&str=&&BEName=%20
14332,/entity_scope/?AccNo=14332&q1=b5y&str=&&BEName=%20
14332,/entity_scope/?AccNo=14332&q1=iqe&str=&&BEName=%20
14332,/entity_scope/?AccNo=14332&q1=gj6&str=&&BEName=%20
14332,/entity_scope/?AccNo=14332&q1=eqf&str=&&BEName=%20
19057,/entity_scope/?AccNo=19057&q1=gk9&str=&&BEName=%20
19057,/entity_scope/?AccNo=19057&q1=ixw&str=&&BEName=%20
2562,/entity_scope/?AccNo=2562&q1=ivs&str=&&BEName=%20
15134,/entity_scope/?AccNo=15134&q1=c39&str=&&BEName=%20
19874,/entity_scope/?AccNo=19874&q1=hxe&str=&&BEName=%20
14951,/entity_scope/?AccNo=14951&q1=boy&str=&&BEName=%20
18843,/entity_scope/?AccNo=18843&q1=g7t&str=&&BEName=%20
19588,/entity_scope/?AccNo=19588&q1=hh4&str=&&BEName=%20
14277,/entity_scope/?AccNo=14277&q1=b0e&str=&&BEName=%20
3181,/entity_scope/?AccNo=3181&q1=2g6&str=&&BEName=%20
15841,/entity_scope/?AccNo=15841&q1=d7s&str=&&BEName=%20
16646,/entity_scope/?AccNo=16646&q1=dv7&str=&&BEName=%20
14926,/entity_scope/?AccNo=14926&q1=gjt&str=&&BEName=%20
14926,/entity_scope/?AccNo=14926&q1=j27&str=&&BEName=%20
14926,/entity_scope/?AccNo=14926&q1=bnp&str=&&BEName=%20
18053,/entity_scope/?AccNo=18053&q1=fb4&str=&&BEName=%20
20231,/entity_scope/?AccNo=20231&q1=ijv&str=&&BEName=%20
20682,/entity_scope/?AccNo=20682&q1=j4x&str=&&BEName=%20
18436,/entity_scope/?AccNo=18436&q1=fn6&str=&&BEName=%20
15463,/entity_scope/?AccNo=15463&q1=cmi&str=&&BEName=%20
1569,/entity_scope/?AccNo=1569&q1=17e&str=&&BEName=%20
20840,/entity_scope/?AccNo=20840&q1=jau&str=&&BEName=%20
19959,/entity_scope/?AccNo=19959&q1=i23&str=&&BEName=%20
20092,/entity_scope/?AccNo=20092&q1=i9j&str=&&BEName=%20
20318,/entity_scope/?AccNo=20318&q1=iq4&str=&&BEName=%20
2392,/entity_scope/?AccNo=2392&q1=b92&str=&&BEName=%20
3158,/entity_scope/?AccNo=3158&q1=2o6&str=&&BEName=%20
2204,/entity_scope/?AccNo=2204&q1=fsx&str=&&BEName=%20
15184,/entity_scope/?AccNo=15184&q1=d23&str=&&BEName=%20
3477,/entity_scope/?AccNo=3477&q1=2oe&str=&&BEName=%20
2204,/entity_scope/?AccNo=2204&q1=1tk&str=&&BEName=%20
15840,/entity_scope/?AccNo=15840&q1=hnj&str=&&BEName=%20
20780,/entity_scope/?AccNo=20780&q1=j8o&str=&&BEName=%20
2204,/entity_scope/?AccNo=2204&q1=fws&str=&&BEName=%20
19614,/entity_scope/?AccNo=19614&q1=hik&str=&&BEName=%20
20426,/entity_scope/?AccNo=20426&q1=ivb&str=&&BEName=%20
2348,/entity_scope/?AccNo=2348&q1=e9u&str=&&BEName=%20
3427,/entity_scope/?AccNo=3427&q1=24i&str=&&BEName=%20
20784,/entity_scope/?AccNo=20784&q1=j8t&str=&&BEName=%20
1986,/entity_scope/?AccNo=1986&q1=inp&str=&&BEName=%20
20238,/entity_scope/?AccNo=20238&q1=ik9&str=&&BEName=%20
2349,/entity_scope/?AccNo=2349&q1=1t2&str=&&BEName=%20
16399,/entity_scope/?AccNo=16399&q1=dny&str=&&BEName=%20
3158,/entity_scope/?AccNo=3158&q1=2f0&str=&&BEName=%20
14362,/entity_scope/?AccNo=14362&q1=b2r&str=&&BEName=%20
19634,/entity_scope/?AccNo=19634&q1=hjq&str=&&BEName=%20
1401,/entity_scope/?AccNo=1401&q1=12q&str=&&BEName=%20
14583,/entity_scope/?AccNo=14583&q1=bak&str=&&BEName=%20
14583,/entity_scope/?AccNo=14583&q1=fe4&str=&&BEName=%20
16652,/entity_scope/?AccNo=16652&q1=dvd&str=&&BEName=%20
16653,/entity_scope/?AccNo=16653&q1=dve&str=&&BEName=%20
16574,/entity_scope/?AccNo=16574&q1=dt2&str=&&BEName=%20
825,/entity_scope/?AccNo=825&q1=hqx&str=&&BEName=%20
825,/entity_scope/?AccNo=825&q1=hzl&str=&&BEName=%20
825,/entity_scope/?AccNo=825&q1=i3c&str=&&BEName=%20
1749,/entity_scope/?AccNo=1749&q1=9hl&str=&&BEName=%20
548,/entity_scope/?AccNo=548&q1=f1&str=&&BEName=%20
20574,/entity_scope/?AccNo=20574&q1=j18&str=&&BEName=%20
20707,/entity_scope/?AccNo=20707&q1=j69&str=&&BEName=%20
20689,/entity_scope/?AccNo=20689&q1=j5f&str=&&BEName=%20
2431,/entity_scope/?AccNo=2431&q1=1vc&str=&&BEName=%20
19964,/entity_scope/?AccNo=19964&q1=i2a&str=&&BEName=%20
17141,/entity_scope/?AccNo=17141&q1=d9d&str=&&BEName=%20
17141,/entity_scope/?AccNo=17141&q1=d9e&str=&&BEName=%20
17401,/entity_scope/?AccNo=17401&q1=eso&str=&&BEName=%20
2867,/entity_scope/?AccNo=2867&q1=27g&str=&&BEName=%20
15801,/entity_scope/?AccNo=15801&q1=d52&str=&&BEName=%20
20314,/entity_scope/?AccNo=20314&q1=iu3&str=&&BEName=%20
20314,/entity_scope/?AccNo=20314&q1=ipo&str=&&BEName=%20
20314,/entity_scope/?AccNo=20314&q1=ipq&str=&&BEName=%20
9475,/entity_scope/?AccNo=9475&q1=iyd&str=&&BEName=%20
9475,/entity_scope/?AccNo=9475&q1=in0&str=&&BEName=%20
9475,/entity_scope/?AccNo=9475&q1=7b0&str=&&BEName=%20
20596,/entity_scope/?AccNo=20596&q1=j1s&str=&&BEName=%20
18596,/entity_scope/?AccNo=18596&q1=fv7&str=&&BEName=%20
557,/entity_scope/?AccNo=557&q1=fa&str=&&BEName=%20
831,/entity_scope/?AccNo=831&q1=mw&str=&&BEName=%20
3978,/entity_scope/?AccNo=3978&q1=32b&str=&&BEName=%20
14917,/entity_scope/?AccNo=14917&q1=bmx&str=&&BEName=%20
20683,/entity_scope/?AccNo=20683&q1=j54&str=&&BEName=%20
66,/entity_scope/?AccNo=66&q1=1n&str=&&BEName=%20
15040,/entity_scope/?AccNo=15040&q1=bwp&str=&&BEName=%20
3047,/entity_scope/?AccNo=3047&q1=2cg&str=&&BEName=%20
3587,/entity_scope/?AccNo=3587&q1=2rg&str=&&BEName=%20
1188,/entity_scope/?AccNo=1188&q1=wt&str=&&BEName=%20
12732,/entity_scope/?AccNo=12732&q1=9th&str=&&BEName=%20
20119,/entity_scope/?AccNo=20119&q1=iav&str=&&BEName=%20
2555,/entity_scope/?AccNo=2555&q1=d8b&str=&&BEName=%20
1758,/entity_scope/?AccNo=1758&q1=1cn&str=&&BEName=%20
19274,/entity_scope/?AccNo=19274&q1=gx2&str=&&BEName=%20
2971,/entity_scope/?AccNo=2971&q1=284&str=&&BEName=%20
384,/entity_scope/?AccNo=384&q1=aze&str=&&BEName=%20
384,/entity_scope/?AccNo=384&q1=ah&str=&&BEName=%20
1720,/entity_scope/?AccNo=1720&q1=1bl&str=&&BEName=%20
19571,/entity_scope/?AccNo=19571&q1=hfv&str=&&BEName=%20
19756,/entity_scope/?AccNo=19756&q1=hrm&str=&&BEName=%20
1126,/entity_scope/?AccNo=1126&q1=v3&str=&&BEName=%20
14545,/entity_scope/?AccNo=14545&q1=j2b&str=&&BEName=%20
20827,/entity_scope/?AccNo=20827&q1=jae&str=&&BEName=%20
17310,/entity_scope/?AccNo=17310&q1=eo4&str=&&BEName=%20
17354,/entity_scope/?AccNo=17354&q1=eqo&str=&&BEName=%20
16999,/entity_scope/?AccNo=16999&q1=eao&str=&&BEName=%20
20816,/entity_scope/?AccNo=20816&q1=j9x&str=&&BEName=%20
18685,/entity_scope/?AccNo=18685&q1=fz6&str=&&BEName=%20
18824,/entity_scope/?AccNo=18824&q1=g6k&str=&&BEName=%20
18673,/entity_scope/?AccNo=18673&q1=fyl&str=&&BEName=%20
19329,/entity_scope/?AccNo=19329&q1=h0j&str=&&BEName=%20
17189,/entity_scope/?AccNo=17189&q1=eiv&str=&&BEName=%20
14331,/entity_scope/?AccNo=14331&q1=b1w&str=&&BEName=%20
15119,/entity_scope/?AccNo=15119&q1=c1o&str=&&BEName=%20
20256,/entity_scope/?AccNo=20256&q1=ilr&str=&&BEName=%20
20469,/entity_scope/?AccNo=20469&q1=ix1&str=&&BEName=%20
20537,/entity_scope/?AccNo=20537&q1=izl&str=&&BEName=%20
14921,/entity_scope/?AccNo=14921&q1=j2y&str=&&BEName=%20
14921,/entity_scope/?AccNo=14921&q1=gfk&str=&&BEName=%20
14921,/entity_scope/?AccNo=14921&q1=bn2&str=&&BEName=%20
14921,/entity_scope/?AccNo=14921&q1=gf9&str=&&BEName=%20
593,/entity_scope/?AccNo=593&q1=ga&str=&&BEName=%20
14759,/entity_scope/?AccNo=14759&q1=bgr&str=&&BEName=%20
20312,/entity_scope/?AccNo=20312&q1=ipm&str=&&BEName=%20
19489,/entity_scope/?AccNo=19489&q1=hb0&str=&&BEName=%20
1986,/entity_scope/?AccNo=1986&q1=aln&str=&&BEName=%20
2204,/entity_scope/?AccNo=2204&q1=hkr&str=&&BEName=%20
1881,/entity_scope/?AccNo=1881&q1=eph&str=&&BEName=%20
2392,/entity_scope/?AccNo=2392&q1=b2t&str=&&BEName=%20
14249,/entity_scope/?AccNo=14249&q1=azm&str=&&BEName=%20
16100,/entity_scope/?AccNo=16100&q1=dfg&str=&&BEName=%20
20558,/entity_scope/?AccNo=20558&q1=j0l&str=&&BEName=%20
4679,/entity_scope/?AccNo=4679&q1=ihe&str=&&BEName=%20
4679,/entity_scope/?AccNo=4679&q1=a20&str=&&BEName=%20
4679,/entity_scope/?AccNo=4679&q1=3ls&str=&&BEName=%20
17139,/entity_scope/?AccNo=17139&q1=fu5&str=&&BEName=%20
19066,/entity_scope/?AccNo=19066&q1=gks&str=&&BEName=%20
13234,/entity_scope/?AccNo=13234&q1=a7f&str=&&BEName=%20
17139,/entity_scope/?AccNo=17139&q1=egf&str=&&BEName=%20
17365,/entity_scope/?AccNo=17365&q1=jah&str=&&BEName=%20
20768,/entity_scope/?AccNo=20768&q1=g16&str=&&BEName=%20
20313,/entity_scope/?AccNo=20313&q1=ipn&str=&&BEName=%20
20656,/entity_scope/?AccNo=20656&q1=j3s&str=&&BEName=%20
20078,/entity_scope/?AccNo=20078&q1=i8p&str=&&BEName=%20
20569,/entity_scope/?AccNo=20569&q1=j0x&str=&&BEName=%20
15464,/entity_scope/?AccNo=15464&q1=cmj&str=&&BEName=%20
3427,/entity_scope/?AccNo=3427&q1=caa&str=&&BEName=%20
2997,/entity_scope/?AccNo=2997&q1=2b2&str=&&BEName=%20
18578,/entity_scope/?AccNo=18578&q1=fu9&str=&&BEName=%20
4664,/entity_scope/?AccNo=4664&q1=3ld&str=&&BEName=%20
631,/entity_scope/?AccNo=631&q1=hc&str=&&BEName=%20
20529,/entity_scope/?AccNo=20529&q1=iz5&str=&&BEName=%20
5064,/entity_scope/?AccNo=5064&q1=3wh&str=&&BEName=%20
15600,/entity_scope/?AccNo=15600&q1=ctw&str=&&BEName=%20
14812,/entity_scope/?AccNo=14812&q1=bit&str=&&BEName=%20
19876,/entity_scope/?AccNo=19876&q1=hxg&str=&&BEName=%20
15189,/entity_scope/?AccNo=15189&q1=c5o&str=&&BEName=%20
19550,/entity_scope/?AccNo=19550&q1=hef&str=&&BEName=%20
2639,/entity_scope/?AccNo=2639&q1=abm&str=&&BEName=%20
2196,/entity_scope/?AccNo=2196&q1=1ot&str=&&BEName=%20
20498,/entity_scope/?AccNo=20498&q1=iy5&str=&&BEName=%20
19670,/entity_scope/?AccNo=19670&q1=hmj&str=&&BEName=%20
14233,/entity_scope/?AccNo=14233&q1=i11&str=&&BEName=%20
19483,/entity_scope/?AccNo=19483&q1=han&str=&&BEName=%20
19161,/entity_scope/?AccNo=19161&q1=i32&str=&&BEName=%20
19161,/entity_scope/?AccNo=19161&q1=gpw&str=&&BEName=%20
14169,/entity_scope/?AccNo=14169&q1=axe&str=&&BEName=%20
15338,/entity_scope/?AccNo=15338&q1=ccn&str=&&BEName=%20
19759,/entity_scope/?AccNo=19759&q1=hrs&str=&&BEName=%20
14496,/entity_scope/?AccNo=14496&q1=b7d&str=&&BEName=%20
17696,/entity_scope/?AccNo=17696&q1=f0v&str=&&BEName=%20
18014,/entity_scope/?AccNo=18014&q1=f9p&str=&&BEName=%20
17861,/entity_scope/?AccNo=17861&q1=f5g&str=&&BEName=%20
17924,/entity_scope/?AccNo=17924&q1=f77&str=&&BEName=%20
17925,/entity_scope/?AccNo=17925&q1=f78&str=&&BEName=%20
17409,/entity_scope/?AccNo=17409&q1=esw&str=&&BEName=%20
17410,/entity_scope/?AccNo=17410&q1=esx&str=&&BEName=%20
17481,/entity_scope/?AccNo=17481&q1=euw&str=&&BEName=%20
2741,/entity_scope/?AccNo=2741&q1=23y&str=&&BEName=%20
10806,/entity_scope/?AccNo=10806&q1=8bz&str=&&BEName=%20
18609,/entity_scope/?AccNo=18609&q1=fvp&str=&&BEName=%20
13546,/entity_scope/?AccNo=13546&q1=fr6&str=&&BEName=%20
13546,/entity_scope/?AccNo=13546&q1=ag3&str=&&BEName=%20
20036,/entity_scope/?AccNo=20036&q1=i6d&str=&&BEName=%20
20550,/entity_scope/?AccNo=20550&q1=j04&str=&&BEName=%20
18884,/entity_scope/?AccNo=18884&q1=g9q&str=&&BEName=%20
14442,/entity_scope/?AccNo=14442&q1=hyc&str=&&BEName=%20
3427,/entity_scope/?AccNo=3427&q1=e3g&str=&&BEName=%20
3601,/entity_scope/?AccNo=3601&q1=2ru&str=&&BEName=%20
1702,/entity_scope/?AccNo=1702&q1=1b3&str=&&BEName=%20
17135,/entity_scope/?AccNo=17135&q1=ega&str=&&BEName=%20
19609,/entity_scope/?AccNo=19609&q1=hi6&str=&&BEName=%20
198,/entity_scope/?AccNo=198&q1=9el&str=&&BEName=%20
20247,/entity_scope/?AccNo=20247&q1=god&str=&&BEName=%20
20457,/entity_scope/?AccNo=20457&q1=iwo&str=&&BEName=%20
20245,/entity_scope/?AccNo=20245&q1=h2a&str=&&BEName=%20
20246,/entity_scope/?AccNo=20246&q1=e7x&str=&&BEName=%20
13739,/entity_scope/?AccNo=13739&q1=alg&str=&&BEName=%20
14644,/entity_scope/?AccNo=14644&q1=i7q&str=&&BEName=%20
14644,/entity_scope/?AccNo=14644&q1=bcq&str=&&BEName=%20
14644,/entity_scope/?AccNo=14644&q1=ce2&str=&&BEName=%20
20129,/entity_scope/?AccNo=20129&q1=ic3&str=&&BEName=%20
20876,/entity_scope/?AccNo=20876&q1=jca&str=&&BEName=%20
19414,/entity_scope/?AccNo=19414&q1=h5i&str=&&BEName=%20
15698,/entity_scope/?AccNo=15698&q1=d02&str=&&BEName=%20
18906,/entity_scope/?AccNo=18906&q1=gax&str=&&BEName=%20
9727,/entity_scope/?AccNo=9727&q1=7i0&str=&&BEName=%20
20344,/entity_scope/?AccNo=20344&q1=irn&str=&&BEName=%20
3265,/entity_scope/?AccNo=3265&q1=2ii&str=&&BEName=%20
14442,/entity_scope/?AccNo=14442&q1=c34&str=&&BEName=%20
14442,/entity_scope/?AccNo=14442&q1=b4x&str=&&BEName=%20
14342,/entity_scope/?AccNo=14342&q1=b27&str=&&BEName=%20
4050,/entity_scope/?AccNo=4050&q1=34b&str=&&BEName=%20
20042,/entity_scope/?AccNo=20042&q1=i6r&str=&&BEName=%20
17365,/entity_scope/?AccNo=17365&q1=er4&str=&&BEName=%20
20179,/entity_scope/?AccNo=20179&q1=igu&str=&&BEName=%20
19639,/entity_scope/?AccNo=19639&q1=bh3&str=&&BEName=%20
20559,/entity_scope/?AccNo=20559&q1=j0m&str=&&BEName=%20
20243,/entity_scope/?AccNo=20243&q1=ikj&str=&&BEName=%20
19107,/entity_scope/?AccNo=19107&q1=gmr&str=&&BEName=%20
17949,/entity_scope/?AccNo=17949&q1=f7w&str=&&BEName=%20
15516,/entity_scope/?AccNo=15516&q1=cpi&str=&&BEName=%20
2030,/entity_scope/?AccNo=2030&q1=c4p&str=&&BEName=%20
2030,/entity_scope/?AccNo=2030&q1=1k7&str=&&BEName=%20
1356,/entity_scope/?AccNo=1356&q1=11h&str=&&BEName=%20
983,/entity_scope/?AccNo=983&q1=r4&str=&&BEName=%20
985,/entity_scope/?AccNo=985&q1=r6&str=&&BEName=%20
13972,/entity_scope/?AccNo=13972&q1=arx&str=&&BEName=%20
10826,/entity_scope/?AccNo=10826&q1=9r6&str=&&BEName=%20
15147,/entity_scope/?AccNo=15147&q1=c3u&str=&&BEName=%20
20513,/entity_scope/?AccNo=20513&q1=j24&str=&&BEName=%20
3618,/entity_scope/?AccNo=3618&q1=2sb&str=&&BEName=%20
3427,/entity_scope/?AccNo=3427&q1=ing&str=&&BEName=%20
10882,/entity_scope/?AccNo=10882&q1=8e3&str=&&BEName=%20
3427,/entity_scope/?AccNo=3427&q1=bes&str=&&BEName=%20
15357,/entity_scope/?AccNo=15357&q1=j5v&str=&&BEName=%20
19841,/entity_scope/?AccNo=19841&q1=hv9&str=&&BEName=%20
2204,/entity_scope/?AccNo=2204&q1=1x4&str=&&BEName=%20
19299,/entity_scope/?AccNo=19299&q1=gyk&str=&&BEName=%20
14984,/entity_scope/?AccNo=14984&q1=br3&str=&&BEName=%20
18742,/entity_scope/?AccNo=18742&q1=g2c&str=&&BEName=%20
4171,/entity_scope/?AccNo=4171&q1=37o&str=&&BEName=%20
2204,/entity_scope/?AccNo=2204&q1=byx&str=&&BEName=%20
14233,/entity_scope/?AccNo=14233&q1=az4&str=&&BEName=%20
14781,/entity_scope/?AccNo=14781&q1=bhg&str=&&BEName=%20
9760,/entity_scope/?AccNo=9760&q1=chc&str=&&BEName=%20
9855,/entity_scope/?AccNo=9855&q1=7lk&str=&&BEName=%20
2133,/entity_scope/?AccNo=2133&q1=bsf&str=&&BEName=%20
3427,/entity_scope/?AccNo=3427&q1=1yf&str=&&BEName=%20
3301,/entity_scope/?AccNo=3301&q1=2ji&str=&&BEName=%20
2204,/entity_scope/?AccNo=2204&q1=1ut&str=&&BEName=%20
19506,/entity_scope/?AccNo=19506&q1=iqn&str=&&BEName=%20
2606,/entity_scope/?AccNo=2606&q1=208&str=&&BEName=%20
1986,/entity_scope/?AccNo=1986&q1=h9h&str=&&BEName=%20
828,/entity_scope/?AccNo=828&q1=iwv&str=&&BEName=%20
19644,/entity_scope/?AccNo=19644&q1=hkg&str=&&BEName=%20
13310,/entity_scope/?AccNo=13310&q1=a9j&str=&&BEName=%20
11914,/entity_scope/?AccNo=11914&q1=96r&str=&&BEName=%20
17422,/entity_scope/?AccNo=17422&q1=et9&str=&&BEName=%20
2348,/entity_scope/?AccNo=2348&q1=h5q&str=&&BEName=%20
17951,/entity_scope/?AccNo=17951&q1=f7y&str=&&BEName=%20
17979,/entity_scope/?AccNo=17979&q1=f8q&str=&&BEName=%20
17987,/entity_scope/?AccNo=17987&q1=f8y&str=&&BEName=%20
16097,/entity_scope/?AccNo=16097&q1=dfd&str=&&BEName=%20
2203,/entity_scope/?AccNo=2203&q1=2l7&str=&&BEName=%20
218,/entity_scope/?AccNo=218&q1=ib2&str=&&BEName=%20
14852,/entity_scope/?AccNo=14852&q1=enu&str=&&BEName=%20
